entity_id,entity_type,account_id
FAMb94f2d,family,ACC016001
FAMb94f2d,family,ACC016002
FAMb94f2d,family,ACC016003
FAMb94f2d,family,ACC016004
FAMb94f2d,family,ACC016005
FAMb94f2d,family,ACC016006
FAMb94f2d,family,ACC016007
FAMfd94f4,family,ACC016008
FAMfd94f4,family,ACC016009
FAMfd94f4,family,ACC016010
FAMfd94f4,family,ACC016011
FAMfd94f4,family,ACC016012
FAMfd94f4,family,ACC016013
FAMfd94f4,family,ACC016014
FAM50410e,family,ACC016015
FAM50410e,family,ACC016016
FAM50410e,family,ACC016017
FAM50410e,family,ACC016018
FAM50410e,family,ACC016019
FAM50410e,family,ACC016020
FAM4380b6,family,ACC016021
FAM4380b6,family,ACC016022
FAM4380b6,family,ACC016023
FAM4380b6,family,ACC016024
FAM4380b6,family,ACC016025
FAM4380b6,family,ACC016026
FAM2980cb,family,ACC016027
FAM2980cb,family,ACC016028
FAM2980cb,family,ACC016029
FAM2980cb,family,ACC016030
FAM2980cb,family,ACC016031
FAMe368e2,family,ACC016032
FAMe368e2,family,ACC016033
FAMe368e2,family,ACC016034
FAMe368e2,family,ACC016035
FAM2f4171,family,ACC016036
FAM2f4171,family,ACC016037
FAM2f4171,family,ACC016038
FAM2f4171,family,ACC016039
FAM2f4171,family,ACC016040
FAM2f4171,family,ACC016041
FAM2f4171,family,ACC016042
FAM2f4171,family,ACC016043
FAM2f4171,family,ACC016044
FAMeab27d,family,ACC016045
FAMeab27d,family,ACC016046
FAMeab27d,family,ACC016047
FAMeab27d,family,ACC016048
FAM963013,family,ACC016049
FAM963013,family,ACC016050
FAM963013,family,ACC016051
FAM963013,family,ACC016052
FAM963013,family,ACC016053
FAM963013,family,ACC016054
FAM963013,family,ACC016055
FAM963013,family,ACC016056
FAM963013,family,ACC016057
FAM93beaa,family,ACC016058
FAM93beaa,family,ACC016059
FAM93beaa,family,ACC016060
FAM93beaa,family,ACC016061
FAM1487e3,family,ACC016062
FAM1487e3,family,ACC016063
FAM1487e3,family,ACC016064
FAM1487e3,family,ACC016065
FAM1487e3,family,ACC016066
FAM1487e3,family,ACC016067
FAM1487e3,family,ACC016068
FAM1487e3,family,ACC016069
FAM0a0a92,family,ACC016070
FAM0a0a92,family,ACC016071
FAM0a0a92,family,ACC016072
FAM0a0a92,family,ACC016073
FAM0a0a92,family,ACC016074
FAM0a0a92,family,ACC016075
FAM0a0a92,family,ACC016076
FAM78a3fd,family,ACC016077
FAM78a3fd,family,ACC016078
FAM78a3fd,family,ACC016079
FAM78a3fd,family,ACC016080
FAM78a3fd,family,ACC016081
FAM78a3fd,family,ACC016082
FAM78a3fd,family,ACC016083
FAM49a9e1,family,ACC016084
FAM49a9e1,family,ACC016085
FAM49a9e1,family,ACC016086
FAM49a9e1,family,ACC016087
FAM49a9e1,family,ACC016088
FAM49a9e1,family,ACC016089
FAM49a9e1,family,ACC016090
FAM49a9e1,family,ACC016091
FAM28f650,family,ACC016092
FAM28f650,family,ACC016093
FAM28f650,family,ACC016094
FAM28f650,family,ACC016095
FAM28f650,family,ACC016096
FAM5057d3,family,ACC016097
FAM5057d3,family,ACC016098
FAM5057d3,family,ACC016099
FAM5057d3,family,ACC016100
FAM5057d3,family,ACC016101
FAMbe7ec6,family,ACC016102
FAMbe7ec6,family,ACC016103
FAMbe7ec6,family,ACC016104
FAMbe7ec6,family,ACC016105
FAMbe7ec6,family,ACC016106
FAMbe7ec6,family,ACC016107
FAMbe7ec6,family,ACC016108
FAM30ea57,family,ACC016109
FAM30ea57,family,ACC016110
FAM30ea57,family,ACC016111
FAM30ea57,family,ACC016112
FAMc264ca,family,ACC016113
FAMc264ca,family,ACC016114
FAMc264ca,family,ACC016115
FAMc264ca,family,ACC016116
FAMc264ca,family,ACC016117
FAM01d822,family,ACC016118
FAM01d822,family,ACC016119
FAM01d822,family,ACC016120
FAM01d822,family,ACC016121
FAM01d822,family,ACC016122
FAM01d822,family,ACC016123
FAM01d822,family,ACC016124
FAM01d822,family,ACC016125
FAMcbac24,family,ACC016126
FAMcbac24,family,ACC016127
FAMcbac24,family,ACC016128
FAMcbac24,family,ACC016129
FAMcbac24,family,ACC016130
FAM5150fe,family,ACC016131
FAM5150fe,family,ACC016132
FAM5150fe,family,ACC016133
FAM5150fe,family,ACC016134
FAM5150fe,family,ACC016135
FAM5150fe,family,ACC016136
FAM2184c5,family,ACC016137
FAM2184c5,family,ACC016138
FAM2184c5,family,ACC016139
FAM2184c5,family,ACC016140
FAM2184c5,family,ACC016141
FAM2184c5,family,ACC016142
FAM2184c5,family,ACC016143
FAM2184c5,family,ACC016144
FAMb852cd,family,ACC016145
FAMb852cd,family,ACC016146
FAMb852cd,family,ACC016147
FAMb852cd,family,ACC016148
FAMb852cd,family,ACC016149
FAMb852cd,family,ACC016150
FAMb852cd,family,ACC016151
FAM35260c,family,ACC016152
FAM35260c,family,ACC016153
FAM35260c,family,ACC016154
FAM35260c,family,ACC016155
FAM0e618e,family,ACC016156
FAM0e618e,family,ACC016157
FAM0e618e,family,ACC016158
FAM0e618e,family,ACC016159
FAM0e618e,family,ACC016160
FAM0e618e,family,ACC016161
FAM0e618e,family,ACC016162
FAM0e618e,family,ACC016163
FAMc34f3e,family,ACC016164
FAMc34f3e,family,ACC016165
FAMc34f3e,family,ACC016166
FAMc34f3e,family,ACC016167
FAM8a8ef4,family,ACC016168
FAM8a8ef4,family,ACC016169
FAM8a8ef4,family,ACC016170
FAM8a8ef4,family,ACC016171
FAM8a8ef4,family,ACC016172
FAM8a8ef4,family,ACC016173
FAM128cb7,family,ACC016174
FAM128cb7,family,ACC016175
FAM128cb7,family,ACC016176
FAM128cb7,family,ACC016177
FAM128cb7,family,ACC016178
FAM128cb7,family,ACC016179
FAM128cb7,family,ACC016180
FAM942365,family,ACC016181
FAM942365,family,ACC016182
FAM942365,family,ACC016183
FAM942365,family,ACC016184
FAM942365,family,ACC016185
FAM244eba,family,ACC016186
FAM244eba,family,ACC016187
FAM244eba,family,ACC016188
FAM244eba,family,ACC016189
FAM244eba,family,ACC016190
FAM244eba,family,ACC016191
FAM244eba,family,ACC016192
FAM244eba,family,ACC016193
FAM244eba,family,ACC016194
FAMcc50f5,family,ACC016195
FAMcc50f5,family,ACC016196
FAMcc50f5,family,ACC016197
FAMcc50f5,family,ACC016198
FAM9bcc25,family,ACC016199
FAM9bcc25,family,ACC016200
FAM9bcc25,family,ACC016201
FAM9bcc25,family,ACC016202
FAM9bcc25,family,ACC016203
FAM9bcc25,family,ACC016204
FAMdb799e,family,ACC016205
FAMdb799e,family,ACC016206
FAMdb799e,family,ACC016207
FAMdb799e,family,ACC016208
FAMdb799e,family,ACC016209
FAMdb799e,family,ACC016210
FAMdb799e,family,ACC016211
FAMdb799e,family,ACC016212
FAMcaf6f9,family,ACC016213
FAMcaf6f9,family,ACC016214
FAMcaf6f9,family,ACC016215
FAMcaf6f9,family,ACC016216
OFF1f1aea,office,ACC016217
OFF1f1aea,office,ACC016218
OFF1f1aea,office,ACC016219
OFF1f1aea,office,ACC016220
OFF1f1aea,office,ACC016221
OFF1f1aea,office,ACC016222
OFF1f1aea,office,ACC016223
OFF1f1aea,office,ACC016224
OFF1f1aea,office,ACC016225
OFF1f1aea,office,ACC016226
OFF1f1aea,office,ACC016227
OFF1f1aea,office,ACC016228
OFF1f1aea,office,ACC016229
OFF1f1aea,office,ACC016230
OFF1f1aea,office,ACC016231
OFF1f1aea,office,ACC016232
OFF1f1aea,office,ACC016233
OFF1f1aea,office,ACC016234
OFF1f1aea,office,ACC016235
OFF1f1aea,office,ACC016236
OFF1f1aea,office,ACC016237
OFF1f1aea,office,ACC016238
OFF1f1aea,office,ACC016239
OFF1f1aea,office,ACC016240
OFF1f1aea,office,ACC016241
OFF1f1aea,office,ACC016242
OFF1f1aea,office,ACC016243
OFF1f1aea,office,ACC016244
OFF1f1aea,office,ACC016245
OFF1f1aea,office,ACC016246
OFF1f1aea,office,ACC016247
OFF1f1aea,office,ACC016248
OFF1f1aea,office,ACC016249
OFF1f1aea,office,ACC016250
OFF1f1aea,office,ACC016251
OFF1f1aea,office,ACC016252
OFF1f1aea,office,ACC016253
OFF1f1aea,office,ACC016254
OFF1f1aea,office,ACC016255
OFF1f1aea,office,ACC016256
OFF1f1aea,office,ACC016257
OFFd172f6,office,ACC016258
OFFd172f6,office,ACC016259
OFFd172f6,office,ACC016260
OFFd172f6,office,ACC016261
OFFd172f6,office,ACC016262
OFFd172f6,office,ACC016263
OFFd172f6,office,ACC016264
OFFd172f6,office,ACC016265
OFFd172f6,office,ACC016266
OFFd172f6,office,ACC016267
OFFd172f6,office,ACC016268
OFFd172f6,office,ACC016269
OFFd172f6,office,ACC016270
OFFd172f6,office,ACC016271
OFFd172f6,office,ACC016272
OFFd172f6,office,ACC016273
OFFd172f6,office,ACC016274
OFFd172f6,office,ACC016275
OFFd172f6,office,ACC016276
OFFd172f6,office,ACC016277
OFFd172f6,office,ACC016278
OFFd172f6,office,ACC016279
OFFd172f6,office,ACC016280
OFFd172f6,office,ACC016281
OFFd172f6,office,ACC016282
OFFd172f6,office,ACC016283
OFFe2ea04,office,ACC016284
OFFe2ea04,office,ACC016285
OFFe2ea04,office,ACC016286
OFFe2ea04,office,ACC016287
OFFe2ea04,office,ACC016288
OFFe2ea04,office,ACC016289
OFFe2ea04,office,ACC016290
OFFe2ea04,office,ACC016291
OFFe2ea04,office,ACC016292
OFFe2ea04,office,ACC016293
OFFe2ea04,office,ACC016294
OFFe2ea04,office,ACC016295
OFFe2ea04,office,ACC016296
OFFe2ea04,office,ACC016297
OFFe2ea04,office,ACC016298
OFFe2ea04,office,ACC016299
OFFe2ea04,office,ACC016300
OFFeb15de,office,ACC016301
OFFeb15de,office,ACC016302
OFFeb15de,office,ACC016303
OFFeb15de,office,ACC016304
OFFeb15de,office,ACC016305
OFFeb15de,office,ACC016306
OFFeb15de,office,ACC016307
OFFeb15de,office,ACC016308
OFFeb15de,office,ACC016309
OFFeb15de,office,ACC016310
OFFeb15de,office,ACC016311
OFFeb15de,office,ACC016312
OFFeb15de,office,ACC016313
OFFeb15de,office,ACC016314
OFFeb15de,office,ACC016315
OFFeb15de,office,ACC016316
OFFeb15de,office,ACC016317
OFFeb15de,office,ACC016318
OFFeb15de,office,ACC016319
OFFeb15de,office,ACC016320
OFFeb15de,office,ACC016321
OFFeb15de,office,ACC016322
OFFeb15de,office,ACC016323
OFFeb15de,office,ACC016324
OFFeb15de,office,ACC016325
OFFeb15de,office,ACC016326
OFFeb15de,office,ACC016327
OFFeb15de,office,ACC016328
OFFeb15de,office,ACC016329
OFFeb15de,office,ACC016330
OFFeb15de,office,ACC016331
OFFeb15de,office,ACC016332
OFFeb15de,office,ACC016333
OFFeb15de,office,ACC016334
OFFeb15de,office,ACC016335
OFFeb15de,office,ACC016336
OFFeb15de,office,ACC016337
OFFeb15de,office,ACC016338
OFFeb15de,office,ACC016339
OFFeb15de,office,ACC016340
OFFeb15de,office,ACC016341
OFFeb15de,office,ACC016342
OFFeb15de,office,ACC016343
OFFc520df,office,ACC016344
OFFc520df,office,ACC016345
OFFc520df,office,ACC016346
OFFc520df,office,ACC016347
OFFc520df,office,ACC016348
OFFc520df,office,ACC016349
OFFc520df,office,ACC016350
OFFc520df,office,ACC016351
OFFc520df,office,ACC016352
OFFc520df,office,ACC016353
OFFc520df,office,ACC016354
OFFc520df,office,ACC016355
OFFc520df,office,ACC016356
OFFc520df,office,ACC016357
OFFc520df,office,ACC016358
OFFc520df,office,ACC016359
OFFc520df,office,ACC016360
OFFc520df,office,ACC016361
OFFc520df,office,ACC016362
OFFc520df,office,ACC016363
OFFc520df,office,ACC016364
OFFc520df,office,ACC016365
OFFc520df,office,ACC016366
OFFc520df,office,ACC016367
OFFc520df,office,ACC016368
OFFc520df,office,ACC016369
OFFc520df,office,ACC016370
OFFc520df,office,ACC016371
OFFc520df,office,ACC016372
OFFc520df,office,ACC016373
OFFc520df,office,ACC016374
OFFc520df,office,ACC016375
OFFc520df,office,ACC016376
OFFc520df,office,ACC016377
OFFc520df,office,ACC016378
OFFc520df,office,ACC016379
OFFc520df,office,ACC016380
OFFc520df,office,ACC016381
OFFc520df,office,ACC016382
OFFc520df,office,ACC016383
OFFc520df,office,ACC016384
OFFc520df,office,ACC016385
OFFc520df,office,ACC016386
OFFc520df,office,ACC016387
OFFc520df,office,ACC016388
OFFc520df,office,ACC016389
OFFc520df,office,ACC016390
OFFc520df,office,ACC016391
OFFc520df,office,ACC016392
OFFc520df,office,ACC016393
OFFc520df,office,ACC016394
OFFc520df,office,ACC016395
OFFc520df,office,ACC016396
OFFc520df,office,ACC016397
OFF3eb623,office,ACC016398
OFF3eb623,office,ACC016399
OFF3eb623,office,ACC016400
OFF3eb623,office,ACC016401
OFF3eb623,office,ACC016402
OFF3eb623,office,ACC016403
OFF3eb623,office,ACC016404
OFF3eb623,office,ACC016405
OFF3eb623,office,ACC016406
OFF3eb623,office,ACC016407
OFF3eb623,office,ACC016408
OFF3eb623,office,ACC016409
OFF3eb623,office,ACC016410
OFF3eb623,office,ACC016411
OFF3eb623,office,ACC016412
OFF3eb623,office,ACC016413
OFF3eb623,office,ACC016414
OFF3eb623,office,ACC016415
OFF3eb623,office,ACC016416
OFF3eb623,office,ACC016417
OFF3eb623,office,ACC016418
OFF3eb623,office,ACC016419
OFFbcb2f0,office,ACC016420
OFFbcb2f0,office,ACC016421
OFFbcb2f0,office,ACC016422
OFFbcb2f0,office,ACC016423
OFFbcb2f0,office,ACC016424
OFFbcb2f0,office,ACC016425
OFFbcb2f0,office,ACC016426
OFFbcb2f0,office,ACC016427
OFFbcb2f0,office,ACC016428
OFFbcb2f0,office,ACC016429
OFFbcb2f0,office,ACC016430
OFFbcb2f0,office,ACC016431
OFFbcb2f0,office,ACC016432
OFFbcb2f0,office,ACC016433
OFFbcb2f0,office,ACC016434
OFFbcb2f0,office,ACC016435
OFFbcb2f0,office,ACC016436
OFFbcb2f0,office,ACC016437
OFFbcb2f0,office,ACC016438
OFFbcb2f0,office,ACC016439
OFFbcb2f0,office,ACC016440
OFFbcb2f0,office,ACC016441
OFF136d6d,office,ACC016442
OFF136d6d,office,ACC016443
OFF136d6d,office,ACC016444
OFF136d6d,office,ACC016445
OFF136d6d,office,ACC016446
OFF136d6d,office,ACC016447
OFF136d6d,office,ACC016448
OFF136d6d,office,ACC016449
OFF136d6d,office,ACC016450
OFF136d6d,office,ACC016451
OFF136d6d,office,ACC016452
OFF136d6d,office,ACC016453
OFF136d6d,office,ACC016454
OFF136d6d,office,ACC016455
OFF136d6d,office,ACC016456
OFF136d6d,office,ACC016457
OFF136d6d,office,ACC016458
OFF136d6d,office,ACC016459
OFF136d6d,office,ACC016460
OFF136d6d,office,ACC016461
OFF136d6d,office,ACC016462
OFF136d6d,office,ACC016463
OFF136d6d,office,ACC016464
OFF136d6d,office,ACC016465
OFF136d6d,office,ACC016466
OFF136d6d,office,ACC016467
OFF136d6d,office,ACC016468
OFF136d6d,office,ACC016469
OFF136d6d,office,ACC016470
OFF136d6d,office,ACC016471
OFF136d6d,office,ACC016472
OFF136d6d,office,ACC016473
OFF136d6d,office,ACC016474
OFF136d6d,office,ACC016475
OFF136d6d,office,ACC016476
OFF14f92c,office,ACC016477
OFF14f92c,office,ACC016478
OFF14f92c,office,ACC016479
OFF14f92c,office,ACC016480
OFF14f92c,office,ACC016481
OFF14f92c,office,ACC016482
OFF14f92c,office,ACC016483
OFF14f92c,office,ACC016484
OFF14f92c,office,ACC016485
OFF14f92c,office,ACC016486
OFF14f92c,office,ACC016487
OFF14f92c,office,ACC016488
OFF14f92c,office,ACC016489
OFF14f92c,office,ACC016490
OFF14f92c,office,ACC016491
OFF14f92c,office,ACC016492
OFF14f92c,office,ACC016493
OFF14f92c,office,ACC016494
OFF14f92c,office,ACC016495
OFF14f92c,office,ACC016496
OFF14f92c,office,ACC016497
OFF14f92c,office,ACC016498
OFF14f92c,office,ACC016499
OFF14f92c,office,ACC016500
OFF14f92c,office,ACC016501
OFF14f92c,office,ACC016502
OFF14f92c,office,ACC016503
OFF14f92c,office,ACC016504
OFF14f92c,office,ACC016505
OFF14f92c,office,ACC016506
OFF14f92c,office,ACC016507
OFF14f92c,office,ACC016508
OFF14f92c,office,ACC016509
OFF14f92c,office,ACC016510
OFF14f92c,office,ACC016511
OFF14f92c,office,ACC016512
OFF14f92c,office,ACC016513
OFF14f92c,office,ACC016514
OFF14f92c,office,ACC016515
OFF14f92c,office,ACC016516
OFF14f92c,office,ACC016517
OFF14f92c,office,ACC016518
OFF14f92c,office,ACC016519
OFF14f92c,office,ACC016520
OFF14f92c,office,ACC016521
OFF14f92c,office,ACC016522
OFF14f92c,office,ACC016523
OFF14f92c,office,ACC016524
OFF14f92c,office,ACC016525
OFF14f92c,office,ACC016526
OFF14f92c,office,ACC016527
OFFa53d5c,office,ACC016528
OFFa53d5c,office,ACC016529
OFFa53d5c,office,ACC016530
OFFa53d5c,office,ACC016531
OFFa53d5c,office,ACC016532
OFFa53d5c,office,ACC016533
OFFa53d5c,office,ACC016534
OFFa53d5c,office,ACC016535
OFFa53d5c,office,ACC016536
OFFa53d5c,office,ACC016537
OFFa53d5c,office,ACC016538
OFFa53d5c,office,ACC016539
OFFa53d5c,office,ACC016540
OFFa53d5c,office,ACC016541
OFFa53d5c,office,ACC016542
OFFa53d5c,office,ACC016543
OFFa53d5c,office,ACC016544
OFFa53d5c,office,ACC016545
OFFa53d5c,office,ACC016546
OFFa53d5c,office,ACC016547
OFFa53d5c,office,ACC016548
OFFa53d5c,office,ACC016549
OFFa53d5c,office,ACC016550
OFFa53d5c,office,ACC016551
OFFa53d5c,office,ACC016552
OFFa53d5c,office,ACC016553
OFFa53d5c,office,ACC016554
OFFa53d5c,office,ACC016555
OFFa53d5c,office,ACC016556
OFFa53d5c,office,ACC016557
OFFa53d5c,office,ACC016558
OFFa53d5c,office,ACC016559
OFFa53d5c,office,ACC016560
OFFa53d5c,office,ACC016561
OFFa53d5c,office,ACC016562
OFFa53d5c,office,ACC016563
OFFa53d5c,office,ACC016564
OFFa53d5c,office,ACC016565
OFFa53d5c,office,ACC016566
OFFa53d5c,office,ACC016567
OFFa53d5c,office,ACC016568
OFFa53d5c,office,ACC016569
OFFa53d5c,office,ACC016570
OFFa53d5c,office,ACC016571
OFFa53d5c,office,ACC016572
OFFa53d5c,office,ACC016573
OFFa53d5c,office,ACC016574
OFFa53d5c,office,ACC016575
OFFa53d5c,office,ACC016576
OFFa53d5c,office,ACC016577
OFFa53d5c,office,ACC016578
OFFa53d5c,office,ACC016579
OFFa53d5c,office,ACC016580
OFFa53d5c,office,ACC016581
OFFa53d5c,office,ACC016582
OFFa53d5c,office,ACC016583
OFFa53d5c,office,ACC016584
OFF37b9a4,office,ACC016585
OFF37b9a4,office,ACC016586
OFF37b9a4,office,ACC016587
OFF37b9a4,office,ACC016588
OFF37b9a4,office,ACC016589
OFF37b9a4,office,ACC016590
OFF37b9a4,office,ACC016591
OFF37b9a4,office,ACC016592
OFF37b9a4,office,ACC016593
OFF37b9a4,office,ACC016594
OFF37b9a4,office,ACC016595
OFF37b9a4,office,ACC016596
OFF37b9a4,office,ACC016597
OFF37b9a4,office,ACC016598
OFF37b9a4,office,ACC016599
OFF37b9a4,office,ACC016600
OFF37b9a4,office,ACC016601
OFF37b9a4,office,ACC016602
OFF37b9a4,office,ACC016603
OFF37b9a4,office,ACC016604
OFF37b9a4,office,ACC016605
OFF37b9a4,office,ACC016606
OFF37b9a4,office,ACC016607
OFF37b9a4,office,ACC016608
OFF37b9a4,office,ACC016609
OFF37b9a4,office,ACC016610
OFF37b9a4,office,ACC016611
OFF37b9a4,office,ACC016612
OFF37b9a4,office,ACC016613
OFF65e0ec,office,ACC016614
OFF65e0ec,office,ACC016615
OFF65e0ec,office,ACC016616
OFF65e0ec,office,ACC016617
OFF65e0ec,office,ACC016618
OFF65e0ec,office,ACC016619
OFF65e0ec,office,ACC016620
OFF65e0ec,office,ACC016621
OFF65e0ec,office,ACC016622
OFF65e0ec,office,ACC016623
OFF65e0ec,office,ACC016624
OFF65e0ec,office,ACC016625
OFF65e0ec,office,ACC016626
OFF65e0ec,office,ACC016627
OFF65e0ec,office,ACC016628
OFF65e0ec,office,ACC016629
OFF65e0ec,office,ACC016630
OFF65e0ec,office,ACC016631
OFF65e0ec,office,ACC016632
OFF65e0ec,office,ACC016633
OFF65e0ec,office,ACC016634
OFF65e0ec,office,ACC016635
OFF65e0ec,office,ACC016636
OFF65e0ec,office,ACC016637
OFF65e0ec,office,ACC016638
OFF65e0ec,office,ACC016639
OFF65e0ec,office,ACC016640
OFF65e0ec,office,ACC016641
OFF65e0ec,office,ACC016642
OFF65e0ec,office,ACC016643
OFF65e0ec,office,ACC016644
OFF65e0ec,office,ACC016645
OFF65e0ec,office,ACC016646
OFF124835,office,ACC016647
OFF124835,office,ACC016648
OFF124835,office,ACC016649
OFF124835,office,ACC016650
OFF124835,office,ACC016651
OFF124835,office,ACC016652
OFF124835,office,ACC016653
OFF124835,office,ACC016654
OFF124835,office,ACC016655
OFF124835,office,ACC016656
OFF124835,office,ACC016657
OFF124835,office,ACC016658
OFF124835,office,ACC016659
OFF124835,office,ACC016660
OFF124835,office,ACC016661
OFF124835,office,ACC016662
OFFa51e6b,office,ACC016663
OFFa51e6b,office,ACC016664
OFFa51e6b,office,ACC016665
OFFa51e6b,office,ACC016666
OFFa51e6b,office,ACC016667
OFFa51e6b,office,ACC016668
OFFa51e6b,office,ACC016669
OFFa51e6b,office,ACC016670
OFFa51e6b,office,ACC016671
OFFa51e6b,office,ACC016672
OFFa51e6b,office,ACC016673
OFFa51e6b,office,ACC016674
OFFa51e6b,office,ACC016675
OFFa51e6b,office,ACC016676
OFFa51e6b,office,ACC016677
OFFa51e6b,office,ACC016678
OFFa51e6b,office,ACC016679
OFFa51e6b,office,ACC016680
OFFa51e6b,office,ACC016681
OFFa51e6b,office,ACC016682
OFFa51e6b,office,ACC016683
OFFa51e6b,office,ACC016684
OFFa51e6b,office,ACC016685
OFFa51e6b,office,ACC016686
OFFa51e6b,office,ACC016687
OFFa51e6b,office,ACC016688
OFFa51e6b,office,ACC016689
OFFa51e6b,office,ACC016690
OFFa51e6b,office,ACC016691
OFFa51e6b,office,ACC016692
OFFa51e6b,office,ACC016693
OFFa51e6b,office,ACC016694
OFFa51e6b,office,ACC016695
OFFa51e6b,office,ACC016696
OFFa51e6b,office,ACC016697
OFFa51e6b,office,ACC016698
OFFa51e6b,office,ACC016699
OFFa51e6b,office,ACC016700
OFFa51e6b,office,ACC016701
OFFa51e6b,office,ACC016702
OFFa51e6b,office,ACC016703
OFFa51e6b,office,ACC016704
OFFa51e6b,office,ACC016705
OFFa51e6b,office,ACC016706
OFFa51e6b,office,ACC016707
OFFa51e6b,office,ACC016708
OFFa51e6b,office,ACC016709
OFFa51e6b,office,ACC016710
OFFa51e6b,office,ACC016711
OFFa51e6b,office,ACC016712
OFFa51e6b,office,ACC016713
OFFa51e6b,office,ACC016714
OFFa51e6b,office,ACC016715
OFFa51e6b,office,ACC016716
OFFa51e6b,office,ACC016717
OFFa51e6b,office,ACC016718
OFFa51e6b,office,ACC016719
OFFa51e6b,office,ACC016720
OFFa51e6b,office,ACC016721
OFFa51e6b,office,ACC016722
COLaaf9ba,college,ACC016723
COLaaf9ba,college,ACC016724
COLaaf9ba,college,ACC016725
COLaaf9ba,college,ACC016726
COLaaf9ba,college,ACC016727
COLaaf9ba,college,ACC016728
COLaaf9ba,college,ACC016729
COLaaf9ba,college,ACC016730
COLaaf9ba,college,ACC016731
COLaaf9ba,college,ACC016732
COLaaf9ba,college,ACC016733
COLaaf9ba,college,ACC016734
COLaaf9ba,college,ACC016735
COLaaf9ba,college,ACC016736
COLaaf9ba,college,ACC016737
COLaaf9ba,college,ACC016738
COLaaf9ba,college,ACC016739
COLaaf9ba,college,ACC016740
COLaaf9ba,college,ACC016741
COLaaf9ba,college,ACC016742
COLaaf9ba,college,ACC016743
COLaaf9ba,college,ACC016744
COLaaf9ba,college,ACC016745
COLaaf9ba,college,ACC016746
COLaaf9ba,college,ACC016747
COLaaf9ba,college,ACC016748
COLaaf9ba,college,ACC016749
COLaaf9ba,college,ACC016750
COLaaf9ba,college,ACC016751
COLaaf9ba,college,ACC016752
COLaaf9ba,college,ACC016753
COLaaf9ba,college,ACC016754
COLaaf9ba,college,ACC016755
COLaaf9ba,college,ACC016756
COLaaf9ba,college,ACC016757
COLaaf9ba,college,ACC016758
COLaaf9ba,college,ACC016759
COLaaf9ba,college,ACC016760
COLaaf9ba,college,ACC016761
COLaaf9ba,college,ACC016762
COLaaf9ba,college,ACC016763
COLaaf9ba,college,ACC016764
COLaaf9ba,college,ACC016765
COLaaf9ba,college,ACC016766
COLaaf9ba,college,ACC016767
COLaaf9ba,college,ACC016768
COLaaf9ba,college,ACC016769
COLaaf9ba,college,ACC016770
COLaaf9ba,college,ACC016771
COLaaf9ba,college,ACC016772
COLaaf9ba,college,ACC016773
COLaaf9ba,college,ACC016774
COLaaf9ba,college,ACC016775
COLaaf9ba,college,ACC016776
COLaaf9ba,college,ACC016777
COLaaf9ba,college,ACC016778
COLaaf9ba,college,ACC016779
COLaaf9ba,college,ACC016780
COLaaf9ba,college,ACC016781
COLaaf9ba,college,ACC016782
COLaaf9ba,college,ACC016783
COLaaf9ba,college,ACC016784
COLaaf9ba,college,ACC016785
COLaaf9ba,college,ACC016786
COLaaf9ba,college,ACC016787
COLaaf9ba,college,ACC016788
COLaaf9ba,college,ACC016789
COLaaf9ba,college,ACC016790
COLaaf9ba,college,ACC016791
COLaaf9ba,college,ACC016792
COLaaf9ba,college,ACC016793
COLaaf9ba,college,ACC016794
COLaaf9ba,college,ACC016795
COLaaf9ba,college,ACC016796
COLaaf9ba,college,ACC016797
COLaaf9ba,college,ACC016798
COLaaf9ba,college,ACC016799
COLaaf9ba,college,ACC016800
COLaaf9ba,college,ACC016801
COLaaf9ba,college,ACC016802
COLaaf9ba,college,ACC016803
COLaaf9ba,college,ACC016804
COLaaf9ba,college,ACC016805
COLaaf9ba,college,ACC016806
COLaaf9ba,college,ACC016807
COLaaf9ba,college,ACC016808
COLaaf9ba,college,ACC016809
COLaaf9ba,college,ACC016810
COLaaf9ba,college,ACC016811
COLaaf9ba,college,ACC016812
COLaaf9ba,college,ACC016813
COLaaf9ba,college,ACC016814
COLaaf9ba,college,ACC016815
COLaaf9ba,college,ACC016816
COLaaf9ba,college,ACC016817
COLaaf9ba,college,ACC016818
COLaaf9ba,college,ACC016819
COLaaf9ba,college,ACC016820
COLaaf9ba,college,ACC016821
COLaaf9ba,college,ACC016822
COLaaf9ba,college,ACC016823
COLaaf9ba,college,ACC016824
COLaaf9ba,college,ACC016825
COLaaf9ba,college,ACC016826
COLaaf9ba,college,ACC016827
COLaaf9ba,college,ACC016828
COLaaf9ba,college,ACC016829
COLaaf9ba,college,ACC016830
COLaaf9ba,college,ACC016831
COLaaf9ba,college,ACC016832
COLaaf9ba,college,ACC016833
COLaaf9ba,college,ACC016834
COLaaf9ba,college,ACC016835
COLaaf9ba,college,ACC016836
COLaaf9ba,college,ACC016837
COLaaf9ba,college,ACC016838
COLaaf9ba,college,ACC016839
COLaaf9ba,college,ACC016840
COLaaf9ba,college,ACC016841
COLaaf9ba,college,ACC016842
COLaaf9ba,college,ACC016843
COLaaf9ba,college,ACC016844
COLaaf9ba,college,ACC016845
COLaaf9ba,college,ACC016846
COLaaf9ba,college,ACC016847
COLaaf9ba,college,ACC016848
COLaaf9ba,college,ACC016849
COLaaf9ba,college,ACC016850
COLaaf9ba,college,ACC016851
COLaaf9ba,college,ACC016852
COLaaf9ba,college,ACC016853
COLaaf9ba,college,ACC016854
COLaaf9ba,college,ACC016855
COLaaf9ba,college,ACC016856
COLaaf9ba,college,ACC016857
COLaaf9ba,college,ACC016858
COLaaf9ba,college,ACC016859
COLaaf9ba,college,ACC016860
COLaaf9ba,college,ACC016861
COLaaf9ba,college,ACC016862
COLaaf9ba,college,ACC016863
COLaaf9ba,college,ACC016864
COLaaf9ba,college,ACC016865
COLaaf9ba,college,ACC016866
COLaaf9ba,college,ACC016867
COLaaf9ba,college,ACC016868
COLaaf9ba,college,ACC016869
COLaaf9ba,college,ACC016870
COLaaf9ba,college,ACC016871
COLaaf9ba,college,ACC016872
COLaaf9ba,college,ACC016873
COLaaf9ba,college,ACC016874
COLaaf9ba,college,ACC016875
COLaaf9ba,college,ACC016876
COLaaf9ba,college,ACC016877
COLaaf9ba,college,ACC016878
COLa06e81,college,ACC016879
COLa06e81,college,ACC016880
COLa06e81,college,ACC016881
COLa06e81,college,ACC016882
COLa06e81,college,ACC016883
COLa06e81,college,ACC016884
COLa06e81,college,ACC016885
COLa06e81,college,ACC016886
COLa06e81,college,ACC016887
COLa06e81,college,ACC016888
COLa06e81,college,ACC016889
COLa06e81,college,ACC016890
COLa06e81,college,ACC016891
COLa06e81,college,ACC016892
COLa06e81,college,ACC016893
COLa06e81,college,ACC016894
COLa06e81,college,ACC016895
COLa06e81,college,ACC016896
COLa06e81,college,ACC016897
COLa06e81,college,ACC016898
COLa06e81,college,ACC016899
COLa06e81,college,ACC016900
COLa06e81,college,ACC016901
COLa06e81,college,ACC016902
COLa06e81,college,ACC016903
COLa06e81,college,ACC016904
COLa06e81,college,ACC016905
COLa06e81,college,ACC016906
COLa06e81,college,ACC016907
COLa06e81,college,ACC016908
COLa06e81,college,ACC016909
COLa06e81,college,ACC016910
COLa06e81,college,ACC016911
COLa06e81,college,ACC016912
COLa06e81,college,ACC016913
COLa06e81,college,ACC016914
COLa06e81,college,ACC016915
COLa06e81,college,ACC016916
COLa06e81,college,ACC016917
COLa06e81,college,ACC016918
COLa06e81,college,ACC016919
COLa06e81,college,ACC016920
COLa06e81,college,ACC016921
COLa06e81,college,ACC016922
COLa06e81,college,ACC016923
COLa06e81,college,ACC016924
COLa06e81,college,ACC016925
COLa06e81,college,ACC016926
COLa06e81,college,ACC016927
COLa06e81,college,ACC016928
COLa06e81,college,ACC016929
COLa06e81,college,ACC016930
COLa06e81,college,ACC016931
COLa06e81,college,ACC016932
COLa06e81,college,ACC016933
COLa06e81,college,ACC016934
COLa06e81,college,ACC016935
COLa06e81,college,ACC016936
COLa06e81,college,ACC016937
COLa06e81,college,ACC016938
COLa06e81,college,ACC016939
COLa06e81,college,ACC016940
COLa06e81,college,ACC016941
COLa06e81,college,ACC016942
COLa06e81,college,ACC016943
COLa06e81,college,ACC016944
COLa06e81,college,ACC016945
COLa06e81,college,ACC016946
COLa06e81,college,ACC016947
COLa06e81,college,ACC016948
COLa06e81,college,ACC016949
COLa06e81,college,ACC016950
COLa06e81,college,ACC016951
COLa06e81,college,ACC016952
COLa06e81,college,ACC016953
COLa06e81,college,ACC016954
COLa06e81,college,ACC016955
COLa06e81,college,ACC016956
COLa06e81,college,ACC016957
COLa06e81,college,ACC016958
COLa06e81,college,ACC016959
COLa06e81,college,ACC016960
COLa06e81,college,ACC016961
COLa06e81,college,ACC016962
COLa06e81,college,ACC016963
COLa06e81,college,ACC016964
COLa06e81,college,ACC016965
COLa06e81,college,ACC016966
COLa06e81,college,ACC016967
COLa06e81,college,ACC016968
COLa06e81,college,ACC016969
COLa06e81,college,ACC016970
COLa06e81,college,ACC016971
COLa06e81,college,ACC016972
COLa06e81,college,ACC016973
COLa06e81,college,ACC016974
COLa06e81,college,ACC016975
COLa06e81,college,ACC016976
COLa06e81,college,ACC016977
COLa06e81,college,ACC016978
COLa06e81,college,ACC016979
COLa06e81,college,ACC016980
COLa06e81,college,ACC016981
COLa06e81,college,ACC016982
COLa06e81,college,ACC016983
COLa06e81,college,ACC016984
COLa06e81,college,ACC016985
COLa06e81,college,ACC016986
COLa06e81,college,ACC016987
COLa06e81,college,ACC016988
COLa06e81,college,ACC016989
COLa06e81,college,ACC016990
COLa06e81,college,ACC016991
COLa06e81,college,ACC016992
COLa06e81,college,ACC016993
COLa06e81,college,ACC016994
COLa06e81,college,ACC016995
COLa06e81,college,ACC016996
COLa06e81,college,ACC016997
COLa06e81,college,ACC016998
COLa06e81,college,ACC016999
COLa06e81,college,ACC017000
COLa06e81,college,ACC017001
COLa06e81,college,ACC017002
COLa06e81,college,ACC017003
COLa06e81,college,ACC017004
COLa06e81,college,ACC017005
COLa06e81,college,ACC017006
COLa06e81,college,ACC017007
COLa06e81,college,ACC017008
COLa06e81,college,ACC017009
COLbd5485,college,ACC017010
COLbd5485,college,ACC017011
COLbd5485,college,ACC017012
COLbd5485,college,ACC017013
COLbd5485,college,ACC017014
COLbd5485,college,ACC017015
COLbd5485,college,ACC017016
COLbd5485,college,ACC017017
COLbd5485,college,ACC017018
COLbd5485,college,ACC017019
COLbd5485,college,ACC017020
COLbd5485,college,ACC017021
COLbd5485,college,ACC017022
COLbd5485,college,ACC017023
COLbd5485,college,ACC017024
COLbd5485,college,ACC017025
COLbd5485,college,ACC017026
COLbd5485,college,ACC017027
COLbd5485,college,ACC017028
COLbd5485,college,ACC017029
COLbd5485,college,ACC017030
COLbd5485,college,ACC017031
COLbd5485,college,ACC017032
COLbd5485,college,ACC017033
COLbd5485,college,ACC017034
COLbd5485,college,ACC017035
COLbd5485,college,ACC017036
COLbd5485,college,ACC017037
COLbd5485,college,ACC017038
COLbd5485,college,ACC017039
COLbd5485,college,ACC017040
COLbd5485,college,ACC017041
COLbd5485,college,ACC017042
COLbd5485,college,ACC017043
COLbd5485,college,ACC017044
COLbd5485,college,ACC017045
COLbd5485,college,ACC017046
COLbd5485,college,ACC017047
COLbd5485,college,ACC017048
COLbd5485,college,ACC017049
COLbd5485,college,ACC017050
COLbd5485,college,ACC017051
COLbd5485,college,ACC017052
COLbd5485,college,ACC017053
COLbd5485,college,ACC017054
COLbd5485,college,ACC017055
COLbd5485,college,ACC017056
COLbd5485,college,ACC017057
COLbd5485,college,ACC017058
COLbd5485,college,ACC017059
COLbd5485,college,ACC017060
COLbd5485,college,ACC017061
COLbd5485,college,ACC017062
COLbd5485,college,ACC017063
COLbd5485,college,ACC017064
COLbd5485,college,ACC017065
COLbd5485,college,ACC017066
COLbd5485,college,ACC017067
COLbd5485,college,ACC017068
COLbd5485,college,ACC017069
COLbd5485,college,ACC017070
COLbd5485,college,ACC017071
COLbd5485,college,ACC017072
COLbd5485,college,ACC017073
COLbd5485,college,ACC017074
COLbd5485,college,ACC017075
COLbd5485,college,ACC017076
COLbd5485,college,ACC017077
COLbd5485,college,ACC017078
COLbd5485,college,ACC017079
COLbd5485,college,ACC017080
COLbd5485,college,ACC017081
COLbd5485,college,ACC017082
COLbd5485,college,ACC017083
COLbd5485,college,ACC017084
COLbd5485,college,ACC017085
COLbd5485,college,ACC017086
COL9b743a,college,ACC017087
COL9b743a,college,ACC017088
COL9b743a,college,ACC017089
COL9b743a,college,ACC017090
COL9b743a,college,ACC017091
COL9b743a,college,ACC017092
COL9b743a,college,ACC017093
COL9b743a,college,ACC017094
COL9b743a,college,ACC017095
COL9b743a,college,ACC017096
COL9b743a,college,ACC017097
COL9b743a,college,ACC017098
COL9b743a,college,ACC017099
COL9b743a,college,ACC017100
COL9b743a,college,ACC017101
COL9b743a,college,ACC017102
COL9b743a,college,ACC017103
COL9b743a,college,ACC017104
COL9b743a,college,ACC017105
COL9b743a,college,ACC017106
COL9b743a,college,ACC017107
COL9b743a,college,ACC017108
COL9b743a,college,ACC017109
COL9b743a,college,ACC017110
COL9b743a,college,ACC017111
COL9b743a,college,ACC017112
COL9b743a,college,ACC017113
COL9b743a,college,ACC017114
COL9b743a,college,ACC017115
COL9b743a,college,ACC017116
COL9b743a,college,ACC017117
COL9b743a,college,ACC017118
COL9b743a,college,ACC017119
COL9b743a,college,ACC017120
COL9b743a,college,ACC017121
COL9b743a,college,ACC017122
COL9b743a,college,ACC017123
COL9b743a,college,ACC017124
COL9b743a,college,ACC017125
COL9b743a,college,ACC017126
COL9b743a,college,ACC017127
COL9b743a,college,ACC017128
COL9b743a,college,ACC017129
COL9b743a,college,ACC017130
COL9b743a,college,ACC017131
COL9b743a,college,ACC017132
COL9b743a,college,ACC017133
COL9b743a,college,ACC017134
COL9b743a,college,ACC017135
COL9b743a,college,ACC017136
COL9b743a,college,ACC017137
COL9b743a,college,ACC017138
COL9b743a,college,ACC017139
COL9b743a,college,ACC017140
COL9b743a,college,ACC017141
COL9b743a,college,ACC017142
COL9b743a,college,ACC017143
COL9b743a,college,ACC017144
COL9b743a,college,ACC017145
COL9b743a,college,ACC017146
COL9b743a,college,ACC017147
COL9b743a,college,ACC017148
COL9b743a,college,ACC017149
COL9b743a,college,ACC017150
COL9b743a,college,ACC017151
COL9b743a,college,ACC017152
COL9b743a,college,ACC017153
COL9b743a,college,ACC017154
COL9b743a,college,ACC017155
COL9b743a,college,ACC017156
COL9b743a,college,ACC017157
COL9b743a,college,ACC017158
COL9b743a,college,ACC017159
COL9b743a,college,ACC017160
COL9b743a,college,ACC017161
COL9b743a,college,ACC017162
COL9b743a,college,ACC017163
COL9b743a,college,ACC017164
COL9b743a,college,ACC017165
COL9b743a,college,ACC017166
COL9b743a,college,ACC017167
COL9b743a,college,ACC017168
COL9b743a,college,ACC017169
COL9b743a,college,ACC017170
COL9b743a,college,ACC017171
COL9b743a,college,ACC017172
COL9b743a,college,ACC017173
COL9b743a,college,ACC017174
COL9b743a,college,ACC017175
COL9b743a,college,ACC017176
COL9b743a,college,ACC017177
COL9b743a,college,ACC017178
COL9b743a,college,ACC017179
COL9b743a,college,ACC017180
COL9b743a,college,ACC017181
COL9b743a,college,ACC017182
COL9b743a,college,ACC017183
COL9b743a,college,ACC017184
COL9b743a,college,ACC017185
COL9b743a,college,ACC017186
COL9b743a,college,ACC017187
COL9b743a,college,ACC017188
COL9b743a,college,ACC017189
COL9b743a,college,ACC017190
COL9b743a,college,ACC017191
COL9b743a,college,ACC017192
COL9b743a,college,ACC017193
COL9b743a,college,ACC017194
COL9b743a,college,ACC017195
COL9b743a,college,ACC017196
COL9b743a,college,ACC017197
COL9b743a,college,ACC017198
COL9b743a,college,ACC017199
COL9b743a,college,ACC017200
COL9b743a,college,ACC017201
COL9b743a,college,ACC017202
COL9b743a,college,ACC017203
COL9b743a,college,ACC017204
COL9b743a,college,ACC017205
COL9b743a,college,ACC017206
COL9b743a,college,ACC017207
COL9b743a,college,ACC017208
COL9b743a,college,ACC017209
COL9b743a,college,ACC017210
COL9b743a,college,ACC017211
COL9b743a,college,ACC017212
COL9b743a,college,ACC017213
COL9b743a,college,ACC017214
COL9b743a,college,ACC017215
COL9b743a,college,ACC017216
COL9b743a,college,ACC017217
COL9b743a,college,ACC017218
COL9b743a,college,ACC017219
COL9b743a,college,ACC017220
COL9b743a,college,ACC017221
COL9b743a,college,ACC017222
COL1a19cd,college,ACC017223
COL1a19cd,college,ACC017224
COL1a19cd,college,ACC017225
COL1a19cd,college,ACC017226
COL1a19cd,college,ACC017227
COL1a19cd,college,ACC017228
COL1a19cd,college,ACC017229
COL1a19cd,college,ACC017230
COL1a19cd,college,ACC017231
COL1a19cd,college,ACC017232
COL1a19cd,college,ACC017233
COL1a19cd,college,ACC017234
COL1a19cd,college,ACC017235
COL1a19cd,college,ACC017236
COL1a19cd,college,ACC017237
COL1a19cd,college,ACC017238
COL1a19cd,college,ACC017239
COL1a19cd,college,ACC017240
COL1a19cd,college,ACC017241
COL1a19cd,college,ACC017242
COL1a19cd,college,ACC017243
COL1a19cd,college,ACC017244
COL1a19cd,college,ACC017245
COL1a19cd,college,ACC017246
COL1a19cd,college,ACC017247
COL1a19cd,college,ACC017248
COL1a19cd,college,ACC017249
COL1a19cd,college,ACC017250
COL1a19cd,college,ACC017251
COL1a19cd,college,ACC017252
COL1a19cd,college,ACC017253
COL1a19cd,college,ACC017254
COL1a19cd,college,ACC017255
COL1a19cd,college,ACC017256
COL1a19cd,college,ACC017257
COL1a19cd,college,ACC017258
COL1a19cd,college,ACC017259
COL1a19cd,college,ACC017260
COL1a19cd,college,ACC017261
COL1a19cd,college,ACC017262
COL1a19cd,college,ACC017263
COL1a19cd,college,ACC017264
COL1a19cd,college,ACC017265
COL1a19cd,college,ACC017266
COL1a19cd,college,ACC017267
COL1a19cd,college,ACC017268
COL1a19cd,college,ACC017269
COL1a19cd,college,ACC017270
COL1a19cd,college,ACC017271
COL1a19cd,college,ACC017272
COL1a19cd,college,ACC017273
COL1a19cd,college,ACC017274
COL1a19cd,college,ACC017275
COL1a19cd,college,ACC017276
COL1a19cd,college,ACC017277
COL1a19cd,college,ACC017278
COL1a19cd,college,ACC017279
COL1a19cd,college,ACC017280
COL1a19cd,college,ACC017281
COL1a19cd,college,ACC017282
COL1a19cd,college,ACC017283
COL1a19cd,college,ACC017284
COL1a19cd,college,ACC017285
COL1a19cd,college,ACC017286
COL1a19cd,college,ACC017287
COL1a19cd,college,ACC017288
COL1a19cd,college,ACC017289
COL1a19cd,college,ACC017290
COL1a19cd,college,ACC017291
COL1a19cd,college,ACC017292
COL1a19cd,college,ACC017293
COL1a19cd,college,ACC017294
COL1a19cd,college,ACC017295
COL1a19cd,college,ACC017296
COL1a19cd,college,ACC017297
COL1a19cd,college,ACC017298
COL1a19cd,college,ACC017299
COL1a19cd,college,ACC017300
COL1a19cd,college,ACC017301
COL1a19cd,college,ACC017302
COL1a19cd,college,ACC017303
COL1a19cd,college,ACC017304
COL1a19cd,college,ACC017305
COL1a19cd,college,ACC017306
COL1a19cd,college,ACC017307
COL1a19cd,college,ACC017308
COL1a19cd,college,ACC017309
COL1a19cd,college,ACC017310
COL1a19cd,college,ACC017311
COL1a19cd,college,ACC017312
COL1a19cd,college,ACC017313
COL1a19cd,college,ACC017314
COL1a19cd,college,ACC017315
COL1a19cd,college,ACC017316
COL1a19cd,college,ACC017317
COL1a19cd,college,ACC017318
COL1a19cd,college,ACC017319
COL1a19cd,college,ACC017320
COL1a19cd,college,ACC017321
COL1a19cd,college,ACC017322
COL1a19cd,college,ACC017323
COL1a19cd,college,ACC017324
COL1a19cd,college,ACC017325
COL1a19cd,college,ACC017326
COL1a19cd,college,ACC017327
COL1a19cd,college,ACC017328
COL1a19cd,college,ACC017329
COL1a19cd,college,ACC017330
COL61003f,college,ACC017331
COL61003f,college,ACC017332
COL61003f,college,ACC017333
COL61003f,college,ACC017334
COL61003f,college,ACC017335
COL61003f,college,ACC017336
COL61003f,college,ACC017337
COL61003f,college,ACC017338
COL61003f,college,ACC017339
COL61003f,college,ACC017340
COL61003f,college,ACC017341
COL61003f,college,ACC017342
COL61003f,college,ACC017343
COL61003f,college,ACC017344
COL61003f,college,ACC017345
COL61003f,college,ACC017346
COL61003f,college,ACC017347
COL61003f,college,ACC017348
COL61003f,college,ACC017349
COL61003f,college,ACC017350
COL61003f,college,ACC017351
COL61003f,college,ACC017352
COL61003f,college,ACC017353
COL61003f,college,ACC017354
COL61003f,college,ACC017355
COL61003f,college,ACC017356
COL61003f,college,ACC017357
COL61003f,college,ACC017358
COL61003f,college,ACC017359
COL61003f,college,ACC017360
COL61003f,college,ACC017361
COL61003f,college,ACC017362
COL61003f,college,ACC017363
COL61003f,college,ACC017364
COL61003f,college,ACC017365
COL61003f,college,ACC017366
COL61003f,college,ACC017367
COL61003f,college,ACC017368
COL61003f,college,ACC017369
COL61003f,college,ACC017370
COL61003f,college,ACC017371
COL61003f,college,ACC017372
COL61003f,college,ACC017373
COL61003f,college,ACC017374
COL61003f,college,ACC017375
COL61003f,college,ACC017376
COL61003f,college,ACC017377
COL61003f,college,ACC017378
COL61003f,college,ACC017379
COL61003f,college,ACC017380
COL61003f,college,ACC017381
COL61003f,college,ACC017382
COL61003f,college,ACC017383
COL61003f,college,ACC017384
COL61003f,college,ACC017385
COL61003f,college,ACC017386
COL61003f,college,ACC017387
COL61003f,college,ACC017388
COL61003f,college,ACC017389
COL61003f,college,ACC017390
COL61003f,college,ACC017391
COL61003f,college,ACC017392
COL61003f,college,ACC017393
COL61003f,college,ACC017394
COL61003f,college,ACC017395
COL61003f,college,ACC017396
COL61003f,college,ACC017397
COL61003f,college,ACC017398
COL61003f,college,ACC017399
COL61003f,college,ACC017400
COL61003f,college,ACC017401
COL61003f,college,ACC017402
COL61003f,college,ACC017403
COL61003f,college,ACC017404
COL61003f,college,ACC017405
COL61003f,college,ACC017406
COL61003f,college,ACC017407
COL61003f,college,ACC017408
CMPd33d6d,campaign_promoter,ACC017409
CMPd33d6d,campaign_referee,ACC017410
CMPd33d6d,campaign_referee,ACC017411
CMPd33d6d,campaign_referee,ACC017412
CMPd33d6d,campaign_referee,ACC017413
CMPd33d6d,campaign_referee,ACC017414
CMPd33d6d,campaign_referee,ACC017415
CMPd33d6d,campaign_referee,ACC017416
CMPd33d6d,campaign_referee,ACC017417
CMPd33d6d,campaign_referee,ACC017418
CMPd33d6d,campaign_referee,ACC017419
CMPd33d6d,campaign_referee,ACC017420
CMPd33d6d,campaign_referee,ACC017421
CMPd33d6d,campaign_referee,ACC017422
CMPd33d6d,campaign_referee,ACC017423
CMPd33d6d,campaign_referee,ACC017424
CMPd33d6d,campaign_referee,ACC017425
CMPd33d6d,campaign_referee,ACC017426
CMPd33d6d,campaign_referee,ACC017427
CMPd33d6d,campaign_referee,ACC017428
CMPd33d6d,campaign_referee,ACC017429
CMPd33d6d,campaign_referee,ACC017430
CMPd33d6d,campaign_referee,ACC017431
CMPd33d6d,campaign_referee,ACC017432
CMPd33d6d,campaign_referee,ACC017433
CMPd33d6d,campaign_referee,ACC017434
CMPd33d6d,campaign_referee,ACC017435
CMPd33d6d,campaign_referee,ACC017436
CMPd33d6d,campaign_referee,ACC017437
CMPd33d6d,campaign_referee,ACC017438
CMPd33d6d,campaign_referee,ACC017439
CMPd33d6d,campaign_referee,ACC017440
CMPd33d6d,campaign_referee,ACC017441
CMPd33d6d,campaign_referee,ACC017442
CMPd33d6d,campaign_referee,ACC017443
CMPd33d6d,campaign_referee,ACC017444
CMPd33d6d,campaign_referee,ACC017445
CMPd33d6d,campaign_referee,ACC017446
CMPd33d6d,campaign_referee,ACC017447
CMPd33d6d,campaign_referee,ACC017448
CMPd33d6d,campaign_referee,ACC017449
CMPd33d6d,campaign_referee,ACC017450
CMPd33d6d,campaign_referee,ACC017451
CMPd33d6d,campaign_referee,ACC017452
CMP577adc,campaign_promoter,ACC017453
CMP577adc,campaign_referee,ACC017454
CMP577adc,campaign_referee,ACC017455
CMP577adc,campaign_referee,ACC017456
CMP577adc,campaign_referee,ACC017457
CMP577adc,campaign_referee,ACC017458
CMP577adc,campaign_referee,ACC017459
CMP577adc,campaign_referee,ACC017460
CMP577adc,campaign_referee,ACC017461
CMP577adc,campaign_referee,ACC017462
CMP577adc,campaign_referee,ACC017463
CMP577adc,campaign_referee,ACC017464
CMP577adc,campaign_referee,ACC017465
CMP577adc,campaign_referee,ACC017466
CMP577adc,campaign_referee,ACC017467
CMP577adc,campaign_referee,ACC017468
CMP577adc,campaign_referee,ACC017469
CMP577adc,campaign_referee,ACC017470
CMP577adc,campaign_referee,ACC017471
CMP577adc,campaign_referee,ACC017472
CMP577adc,campaign_referee,ACC017473
CMP577adc,campaign_referee,ACC017474
CMP577adc,campaign_referee,ACC017475
CMP577adc,campaign_referee,ACC017476
CMP577adc,campaign_referee,ACC017477
CMP577adc,campaign_referee,ACC017478
CMP577adc,campaign_referee,ACC017479
CMP577adc,campaign_referee,ACC017480
CMP577adc,campaign_referee,ACC017481
CMP577adc,campaign_referee,ACC017482
CMP577adc,campaign_referee,ACC017483
CMP577adc,campaign_referee,ACC017484
CMP577adc,campaign_referee,ACC017485
CMP577adc,campaign_referee,ACC017486
CMP577adc,campaign_referee,ACC017487
CMP577adc,campaign_referee,ACC017488
CMP577adc,campaign_referee,ACC017489
CMP577adc,campaign_referee,ACC017490
CMP577adc,campaign_referee,ACC017491
CMP577adc,campaign_referee,ACC017492
CMP3d8853,campaign_promoter,ACC017493
CMP3d8853,campaign_referee,ACC017494
CMP3d8853,campaign_referee,ACC017495
CMP3d8853,campaign_referee,ACC017496
CMP3d8853,campaign_referee,ACC017497
CMP3d8853,campaign_referee,ACC017498
CMP3d8853,campaign_referee,ACC017499
CMP3d8853,campaign_referee,ACC017500
CMP3d8853,campaign_referee,ACC017501
CMP3d8853,campaign_referee,ACC017502
CMP3d8853,campaign_referee,ACC017503
CMP3d8853,campaign_referee,ACC017504
CMP3d8853,campaign_referee,ACC017505
CMP3d8853,campaign_referee,ACC017506
CMP3d8853,campaign_referee,ACC017507
CMP3d8853,campaign_referee,ACC017508
CMP3d8853,campaign_referee,ACC017509
CMP3d8853,campaign_referee,ACC017510
CMP3d8853,campaign_referee,ACC017511
CMP3d8853,campaign_referee,ACC017512
CMP3d8853,campaign_referee,ACC017513
CMP3d8853,campaign_referee,ACC017514
CMP3d8853,campaign_referee,ACC017515
CMP3d8853,campaign_referee,ACC017516
CMP3d8853,campaign_referee,ACC017517
CMP3d8853,campaign_referee,ACC017518
CMP3d8853,campaign_referee,ACC017519
CMP3d8853,campaign_referee,ACC017520
CMP3d8853,campaign_referee,ACC017521
CMP3d8853,campaign_referee,ACC017522
CMP3d8853,campaign_referee,ACC017523
CMP3d8853,campaign_referee,ACC017524
CMP3d8853,campaign_referee,ACC017525
CMP3d8853,campaign_referee,ACC017526
CMP3d8853,campaign_referee,ACC017527
CMP3d8853,campaign_referee,ACC017528
CMP3d8853,campaign_referee,ACC017529
CMP3d8853,campaign_referee,ACC017530
CMP3d8853,campaign_referee,ACC017531
CMP3d8853,campaign_referee,ACC017532
CMP3d8853,campaign_referee,ACC017533
CMP3d8853,campaign_referee,ACC017534
CMP3d8853,campaign_referee,ACC017535
CMP3d8853,campaign_referee,ACC017536
CMP3d8853,campaign_referee,ACC017537
CMP3d8853,campaign_referee,ACC017538
CMP3d8853,campaign_referee,ACC017539
CMP3d8853,campaign_referee,ACC017540
CMP3d8853,campaign_referee,ACC017541
CMP3d8853,campaign_referee,ACC017542
CMP3d8853,campaign_referee,ACC017543
CMP3d8853,campaign_referee,ACC017544
CMP3d8853,campaign_referee,ACC017545
CMP3d8853,campaign_referee,ACC017546
CMP3d8853,campaign_referee,ACC017547
CMP3d8853,campaign_referee,ACC017548
CMP3d8853,campaign_referee,ACC017549
CMP3d8853,campaign_referee,ACC017550
CMP3d8853,campaign_referee,ACC017551
CMP3d8853,campaign_referee,ACC017552
CMP3d8853,campaign_referee,ACC017553
CMP3d8853,campaign_referee,ACC017554
CMP3d8853,campaign_referee,ACC017555
CMP3d8853,campaign_referee,ACC017556
CMP3d8853,campaign_referee,ACC017557
CMP3d8853,campaign_referee,ACC017558
CMP634886,campaign_promoter,ACC017559
CMP634886,campaign_referee,ACC017560
CMP634886,campaign_referee,ACC017561
CMP634886,campaign_referee,ACC017562
CMP634886,campaign_referee,ACC017563
CMP634886,campaign_referee,ACC017564
CMP634886,campaign_referee,ACC017565
CMP634886,campaign_referee,ACC017566
CMP634886,campaign_referee,ACC017567
CMP634886,campaign_referee,ACC017568
CMP634886,campaign_referee,ACC017569
CMP634886,campaign_referee,ACC017570
CMP634886,campaign_referee,ACC017571
CMP634886,campaign_referee,ACC017572
CMP634886,campaign_referee,ACC017573
CMP634886,campaign_referee,ACC017574
CMP634886,campaign_referee,ACC017575
CMP634886,campaign_referee,ACC017576
CMP634886,campaign_referee,ACC017577
CMP634886,campaign_referee,ACC017578
CMP634886,campaign_referee,ACC017579
CMP634886,campaign_referee,ACC017580
CMP634886,campaign_referee,ACC017581
CMP634886,campaign_referee,ACC017582
CMP634886,campaign_referee,ACC017583
CMP634886,campaign_referee,ACC017584
CMP634886,campaign_referee,ACC017585
CMP634886,campaign_referee,ACC017586
CMP634886,campaign_referee,ACC017587
CMP634886,campaign_referee,ACC017588
CMP634886,campaign_referee,ACC017589
CMP634886,campaign_referee,ACC017590
CMP634886,campaign_referee,ACC017591
CMP634886,campaign_referee,ACC017592
CMP634886,campaign_referee,ACC017593
CMP219b85,campaign_promoter,ACC017594
CMP219b85,campaign_referee,ACC017595
CMP219b85,campaign_referee,ACC017596
CMP219b85,campaign_referee,ACC017597
CMP219b85,campaign_referee,ACC017598
CMP219b85,campaign_referee,ACC017599
CMP219b85,campaign_referee,ACC017600
CMP219b85,campaign_referee,ACC017601
CMP219b85,campaign_referee,ACC017602
CMP219b85,campaign_referee,ACC017603
CMP219b85,campaign_referee,ACC017604
CMP219b85,campaign_referee,ACC017605
CMP219b85,campaign_referee,ACC017606
CMP219b85,campaign_referee,ACC017607
CMP219b85,campaign_referee,ACC017608
CMP219b85,campaign_referee,ACC017609
CMP219b85,campaign_referee,ACC017610
CMP219b85,campaign_referee,ACC017611
CMP219b85,campaign_referee,ACC017612
CMP219b85,campaign_referee,ACC017613
CMP219b85,campaign_referee,ACC017614
CMP219b85,campaign_referee,ACC017615
CMP219b85,campaign_referee,ACC017616
CMP219b85,campaign_referee,ACC017617
CMP219b85,campaign_referee,ACC017618
CMP219b85,campaign_referee,ACC017619
CMP219b85,campaign_referee,ACC017620
CMP219b85,campaign_referee,ACC017621
CMP219b85,campaign_referee,ACC017622
CMP219b85,campaign_referee,ACC017623
CMP219b85,campaign_referee,ACC017624
CMP219b85,campaign_referee,ACC017625
CMP219b85,campaign_referee,ACC017626
CMP219b85,campaign_referee,ACC017627
CMP219b85,campaign_referee,ACC017628
CMP219b85,campaign_referee,ACC017629
CMP219b85,campaign_referee,ACC017630
CMP219b85,campaign_referee,ACC017631
CMP219b85,campaign_referee,ACC017632
CMP219b85,campaign_referee,ACC017633
CMP219b85,campaign_referee,ACC017634
CMP219b85,campaign_referee,ACC017635
CMP219b85,campaign_referee,ACC017636
CMP219b85,campaign_referee,ACC017637
CMP219b85,campaign_referee,ACC017638
CMP219b85,campaign_referee,ACC017639
CMP219b85,campaign_referee,ACC017640
CMP219b85,campaign_referee,ACC017641
CMP219b85,campaign_referee,ACC017642
CMP219b85,campaign_referee,ACC017643
CMP219b85,campaign_referee,ACC017644
CMP219b85,campaign_referee,ACC017645
CMP219b85,campaign_referee,ACC017646
CMP219b85,campaign_referee,ACC017647
CMP219b85,campaign_referee,ACC017648
CMP219b85,campaign_referee,ACC017649
CMP219b85,campaign_referee,ACC017650
CMP219b85,campaign_referee,ACC017651
CMP219b85,campaign_referee,ACC017652
CMP219b85,campaign_referee,ACC017653
CMP219b85,campaign_referee,ACC017654
CMP219b85,campaign_referee,ACC017655
CMP7591fa,campaign_promoter,ACC017656
CMP7591fa,campaign_referee,ACC017657
CMP7591fa,campaign_referee,ACC017658
CMP7591fa,campaign_referee,ACC017659
CMP7591fa,campaign_referee,ACC017660
CMP7591fa,campaign_referee,ACC017661
CMP7591fa,campaign_referee,ACC017662
CMP7591fa,campaign_referee,ACC017663
CMP7591fa,campaign_referee,ACC017664
CMP7591fa,campaign_referee,ACC017665
CMP7591fa,campaign_referee,ACC017666
CMP7591fa,campaign_referee,ACC017667
CMP7591fa,campaign_referee,ACC017668
CMP7591fa,campaign_referee,ACC017669
CMP7591fa,campaign_referee,ACC017670
CMP7591fa,campaign_referee,ACC017671
CMP7591fa,campaign_referee,ACC017672
CMP7591fa,campaign_referee,ACC017673
CMP7591fa,campaign_referee,ACC017674
CMP7591fa,campaign_referee,ACC017675
CMP7591fa,campaign_referee,ACC017676
CMP7591fa,campaign_referee,ACC017677
CMP7591fa,campaign_referee,ACC017678
CMP7591fa,campaign_referee,ACC017679
CMP7591fa,campaign_referee,ACC017680
CMP7591fa,campaign_referee,ACC017681
CMP7591fa,campaign_referee,ACC017682
CMP7591fa,campaign_referee,ACC017683
CMP7591fa,campaign_referee,ACC017684
CMP7591fa,campaign_referee,ACC017685
CMP7591fa,campaign_referee,ACC017686
CMP7591fa,campaign_referee,ACC017687
CMP7591fa,campaign_referee,ACC017688
CMP7591fa,campaign_referee,ACC017689
CMP7591fa,campaign_referee,ACC017690
CMP7591fa,campaign_referee,ACC017691
CMP7591fa,campaign_referee,ACC017692
CMP7591fa,campaign_referee,ACC017693
CMP7591fa,campaign_referee,ACC017694
CMP7591fa,campaign_referee,ACC017695
CMP7591fa,campaign_referee,ACC017696
CMP7591fa,campaign_referee,ACC017697
CMP7591fa,campaign_referee,ACC017698
CMP7591fa,campaign_referee,ACC017699
CMP7591fa,campaign_referee,ACC017700
CMP7591fa,campaign_referee,ACC017701
CMP7591fa,campaign_referee,ACC017702
CMP7591fa,campaign_referee,ACC017703
CMP7591fa,campaign_referee,ACC017704
CMP7591fa,campaign_referee,ACC017705
CMP7591fa,campaign_referee,ACC017706
CMP7591fa,campaign_referee,ACC017707
CMP7591fa,campaign_referee,ACC017708
CMP7591fa,campaign_referee,ACC017709
CMP7591fa,campaign_referee,ACC017710
CMP7591fa,campaign_referee,ACC017711
CMP7591fa,campaign_referee,ACC017712
CMP7591fa,campaign_referee,ACC017713
CMP7591fa,campaign_referee,ACC017714
CMP7591fa,campaign_referee,ACC017715
CMP7591fa,campaign_referee,ACC017716
CMP7591fa,campaign_referee,ACC017717
CMP7591fa,campaign_referee,ACC017718
CMP7591fa,campaign_referee,ACC017719
CMP7591fa,campaign_referee,ACC017720
CMP7591fa,campaign_referee,ACC017721
CMP7591fa,campaign_referee,ACC017722
CMP7591fa,campaign_referee,ACC017723
CMP7591fa,campaign_referee,ACC017724
CMP7591fa,campaign_referee,ACC017725
CMP7591fa,campaign_referee,ACC017726
CMP7591fa,campaign_referee,ACC017727
CMP7591fa,campaign_referee,ACC017728
CMP7591fa,campaign_referee,ACC017729
CMP7591fa,campaign_referee,ACC017730
CMP7591fa,campaign_referee,ACC017731
CMP7591fa,campaign_referee,ACC017732
CMP7591fa,campaign_referee,ACC017733
CMP7591fa,campaign_referee,ACC017734
CMP7591fa,campaign_referee,ACC017735
CMP7591fa,campaign_referee,ACC017736
CMP7591fa,campaign_referee,ACC017737
CMP7591fa,campaign_referee,ACC017738
CMPcffd1e,campaign_promoter,ACC017739
CMPcffd1e,campaign_referee,ACC017740
CMPcffd1e,campaign_referee,ACC017741
CMPcffd1e,campaign_referee,ACC017742
CMPcffd1e,campaign_referee,ACC017743
CMPcffd1e,campaign_referee,ACC017744
CMPcffd1e,campaign_referee,ACC017745
CMPcffd1e,campaign_referee,ACC017746
CMPcffd1e,campaign_referee,ACC017747
CMPcffd1e,campaign_referee,ACC017748
CMPcffd1e,campaign_referee,ACC017749
CMPcffd1e,campaign_referee,ACC017750
CMPcffd1e,campaign_referee,ACC017751
CMPcffd1e,campaign_referee,ACC017752
CMPcffd1e,campaign_referee,ACC017753
CMPcffd1e,campaign_referee,ACC017754
CMPcffd1e,campaign_referee,ACC017755
CMPcffd1e,campaign_referee,ACC017756
CMPcffd1e,campaign_referee,ACC017757
CMPcffd1e,campaign_referee,ACC017758
CMPcffd1e,campaign_referee,ACC017759
CMPcffd1e,campaign_referee,ACC017760
CMPcffd1e,campaign_referee,ACC017761
CMPcffd1e,campaign_referee,ACC017762
CMPcffd1e,campaign_referee,ACC017763
CMPcffd1e,campaign_referee,ACC017764
CMPcffd1e,campaign_referee,ACC017765
CMPcffd1e,campaign_referee,ACC017766
CMPcffd1e,campaign_referee,ACC017767
CMPcffd1e,campaign_referee,ACC017768
CMPcffd1e,campaign_referee,ACC017769
CMPcffd1e,campaign_referee,ACC017770
CMPcffd1e,campaign_referee,ACC017771
CMPcffd1e,campaign_referee,ACC017772
CMP6360e2,campaign_promoter,ACC017773
CMP6360e2,campaign_referee,ACC017774
CMP6360e2,campaign_referee,ACC017775
CMP6360e2,campaign_referee,ACC017776
CMP6360e2,campaign_referee,ACC017777
CMP6360e2,campaign_referee,ACC017778
CMP6360e2,campaign_referee,ACC017779
CMP6360e2,campaign_referee,ACC017780
CMP6360e2,campaign_referee,ACC017781
CMP6360e2,campaign_referee,ACC017782
CMP6360e2,campaign_referee,ACC017783
CMP6360e2,campaign_referee,ACC017784
CMP6360e2,campaign_referee,ACC017785
CMP6360e2,campaign_referee,ACC017786
CMP6360e2,campaign_referee,ACC017787
CMP6360e2,campaign_referee,ACC017788
CMP6360e2,campaign_referee,ACC017789
CMP6360e2,campaign_referee,ACC017790
CMP6360e2,campaign_referee,ACC017791
CMP6360e2,campaign_referee,ACC017792
CMP6360e2,campaign_referee,ACC017793
CMP6360e2,campaign_referee,ACC017794
CMP6360e2,campaign_referee,ACC017795
CMP6360e2,campaign_referee,ACC017796
CMP6360e2,campaign_referee,ACC017797
CMP6360e2,campaign_referee,ACC017798
CMP6360e2,campaign_referee,ACC017799
CMP6360e2,campaign_referee,ACC017800
CMP6360e2,campaign_referee,ACC017801
CMP6360e2,campaign_referee,ACC017802
CMP6360e2,campaign_referee,ACC017803
CMP6360e2,campaign_referee,ACC017804
CMP6360e2,campaign_referee,ACC017805
CMP6360e2,campaign_referee,ACC017806
CMP6360e2,campaign_referee,ACC017807
CMP6360e2,campaign_referee,ACC017808
CMP6360e2,campaign_referee,ACC017809
CMP6360e2,campaign_referee,ACC017810
CMP6360e2,campaign_referee,ACC017811
CMP6360e2,campaign_referee,ACC017812
CMP6360e2,campaign_referee,ACC017813
CMP6360e2,campaign_referee,ACC017814
CMP6360e2,campaign_referee,ACC017815
CMP6360e2,campaign_referee,ACC017816
CMP6360e2,campaign_referee,ACC017817
CMP6360e2,campaign_referee,ACC017818
CMP6360e2,campaign_referee,ACC017819
CMP6360e2,campaign_referee,ACC017820
CMP6360e2,campaign_referee,ACC017821
CMP6360e2,campaign_referee,ACC017822
CMP6360e2,campaign_referee,ACC017823
CMP6360e2,campaign_referee,ACC017824
CMP6360e2,campaign_referee,ACC017825
CMP6360e2,campaign_referee,ACC017826
CMP6360e2,campaign_referee,ACC017827
CMP6360e2,campaign_referee,ACC017828
CMP6360e2,campaign_referee,ACC017829
CMP6360e2,campaign_referee,ACC017830
CMP6360e2,campaign_referee,ACC017831
CMP6360e2,campaign_referee,ACC017832
CMP6360e2,campaign_referee,ACC017833
CMP6360e2,campaign_referee,ACC017834
CMP6360e2,campaign_referee,ACC017835
CMP6360e2,campaign_referee,ACC017836
CMP6360e2,campaign_referee,ACC017837
CMP6360e2,campaign_referee,ACC017838
CMP6360e2,campaign_referee,ACC017839
CMP6360e2,campaign_referee,ACC017840
CMP6360e2,campaign_referee,ACC017841
CMPeaa514,campaign_promoter,ACC017842
CMPeaa514,campaign_referee,ACC017843
CMPeaa514,campaign_referee,ACC017844
CMPeaa514,campaign_referee,ACC017845
CMPeaa514,campaign_referee,ACC017846
CMPeaa514,campaign_referee,ACC017847
CMPeaa514,campaign_referee,ACC017848
CMPeaa514,campaign_referee,ACC017849
CMPeaa514,campaign_referee,ACC017850
CMPeaa514,campaign_referee,ACC017851
CMPeaa514,campaign_referee,ACC017852
CMPeaa514,campaign_referee,ACC017853
CMPeaa514,campaign_referee,ACC017854
CMPeaa514,campaign_referee,ACC017855
CMPeaa514,campaign_referee,ACC017856
CMPeaa514,campaign_referee,ACC017857
CMPeaa514,campaign_referee,ACC017858
CMPeaa514,campaign_referee,ACC017859
CMPeaa514,campaign_referee,ACC017860
CMPeaa514,campaign_referee,ACC017861
CMPeaa514,campaign_referee,ACC017862
CMPeaa514,campaign_referee,ACC017863
CMPeaa514,campaign_referee,ACC017864
CMPeaa514,campaign_referee,ACC017865
CMPeaa514,campaign_referee,ACC017866
CMPeaa514,campaign_referee,ACC017867
CMPeaa514,campaign_referee,ACC017868
CMPeaa514,campaign_referee,ACC017869
CMPeaa514,campaign_referee,ACC017870
CMPeaa514,campaign_referee,ACC017871
CMPeaa514,campaign_referee,ACC017872
CMPeaa514,campaign_referee,ACC017873
CMPeaa514,campaign_referee,ACC017874
CMPeaa514,campaign_referee,ACC017875
CMPeaa514,campaign_referee,ACC017876
CMPeaa514,campaign_referee,ACC017877
CMPeaa514,campaign_referee,ACC017878
CMPeaa514,campaign_referee,ACC017879
CMPeaa514,campaign_referee,ACC017880
CMPeaa514,campaign_referee,ACC017881
CMPeaa514,campaign_referee,ACC017882
CMPeaa514,campaign_referee,ACC017883
CMPeaa514,campaign_referee,ACC017884
CMPeaa514,campaign_referee,ACC017885
CMPeaa514,campaign_referee,ACC017886
CMPeaa514,campaign_referee,ACC017887
CMPeaa514,campaign_referee,ACC017888
CMPeaa514,campaign_referee,ACC017889
CMPeaa514,campaign_referee,ACC017890
CMPeaa514,campaign_referee,ACC017891
CMPeaa514,campaign_referee,ACC017892
CMP17af46,campaign_promoter,ACC017893
CMP17af46,campaign_referee,ACC017894
CMP17af46,campaign_referee,ACC017895
CMP17af46,campaign_referee,ACC017896
CMP17af46,campaign_referee,ACC017897
CMP17af46,campaign_referee,ACC017898
CMP17af46,campaign_referee,ACC017899
CMP17af46,campaign_referee,ACC017900
CMP17af46,campaign_referee,ACC017901
CMP17af46,campaign_referee,ACC017902
CMP17af46,campaign_referee,ACC017903
CMP17af46,campaign_referee,ACC017904
CMP17af46,campaign_referee,ACC017905
CMP17af46,campaign_referee,ACC017906
CMP17af46,campaign_referee,ACC017907
CMP17af46,campaign_referee,ACC017908
CMP17af46,campaign_referee,ACC017909
CMP17af46,campaign_referee,ACC017910
CMP17af46,campaign_referee,ACC017911
CMP17af46,campaign_referee,ACC017912
CMP17af46,campaign_referee,ACC017913
CMP17af46,campaign_referee,ACC017914
CMP17af46,campaign_referee,ACC017915
CMP17af46,campaign_referee,ACC017916
CMP17af46,campaign_referee,ACC017917
CMP17af46,campaign_referee,ACC017918
CMP17af46,campaign_referee,ACC017919
CMP17af46,campaign_referee,ACC017920
CMP17af46,campaign_referee,ACC017921
CMP17af46,campaign_referee,ACC017922
CMP17af46,campaign_referee,ACC017923
CMP17af46,campaign_referee,ACC017924
CMP17af46,campaign_referee,ACC017925
CMP17af46,campaign_referee,ACC017926
CMP17af46,campaign_referee,ACC017927
CMP17af46,campaign_referee,ACC017928
CMP17af46,campaign_referee,ACC017929
CMP17af46,campaign_referee,ACC017930
CMP17af46,campaign_referee,ACC017931
CMP17af46,campaign_referee,ACC017932
CMP17af46,campaign_referee,ACC017933
CMP17af46,campaign_referee,ACC017934
CMP17af46,campaign_referee,ACC017935
CMP17af46,campaign_referee,ACC017936
CMP17af46,campaign_referee,ACC017937
CMP17af46,campaign_referee,ACC017938
CMP17af46,campaign_referee,ACC017939
CMP17af46,campaign_referee,ACC017940
CMP17af46,campaign_referee,ACC017941
CMP17af46,campaign_referee,ACC017942
CMP17af46,campaign_referee,ACC017943
CMP17af46,campaign_referee,ACC017944
CMP17af46,campaign_referee,ACC017945
CMP17af46,campaign_referee,ACC017946
CMP17af46,campaign_referee,ACC017947
CMP17af46,campaign_referee,ACC017948
CMP17af46,campaign_referee,ACC017949
CMP17af46,campaign_referee,ACC017950
CMP17af46,campaign_referee,ACC017951
CMP17af46,campaign_referee,ACC017952
CMP17af46,campaign_referee,ACC017953
CMP17af46,campaign_referee,ACC017954
GIG447efe,gig_cohort,ACC017955
GIG447efe,gig_cohort,ACC017956
GIG447efe,gig_cohort,ACC017957
GIG447efe,gig_cohort,ACC017958
GIG447efe,gig_cohort,ACC017959
GIG447efe,gig_cohort,ACC017960
GIG447efe,gig_cohort,ACC017961
GIG447efe,gig_cohort,ACC017962
GIG447efe,gig_cohort,ACC017963
GIG447efe,gig_cohort,ACC017964
GIG447efe,gig_cohort,ACC017965
GIG447efe,gig_cohort,ACC017966
GIG447efe,gig_cohort,ACC017967
GIG447efe,gig_cohort,ACC017968
GIG447efe,gig_cohort,ACC017969
GIG447efe,gig_cohort,ACC017970
GIG447efe,gig_cohort,ACC017971
GIG447efe,gig_cohort,ACC017972
GIG447efe,gig_cohort,ACC017973
GIG447efe,gig_cohort,ACC017974
GIGc07270,gig_cohort,ACC017975
GIGc07270,gig_cohort,ACC017976
GIGc07270,gig_cohort,ACC017977
GIGc07270,gig_cohort,ACC017978
GIGc07270,gig_cohort,ACC017979
GIGc07270,gig_cohort,ACC017980
GIGc07270,gig_cohort,ACC017981
GIGc07270,gig_cohort,ACC017982
GIGc07270,gig_cohort,ACC017983
GIGc07270,gig_cohort,ACC017984
GIGc07270,gig_cohort,ACC017985
GIGc07270,gig_cohort,ACC017986
GIGc07270,gig_cohort,ACC017987
GIGc07270,gig_cohort,ACC017988
GIGc07270,gig_cohort,ACC017989
GIGc07270,gig_cohort,ACC017990
GIGc07270,gig_cohort,ACC017991
GIGc95668,gig_cohort,ACC017992
GIGc95668,gig_cohort,ACC017993
GIGc95668,gig_cohort,ACC017994
GIGc95668,gig_cohort,ACC017995
GIGc95668,gig_cohort,ACC017996
GIGc95668,gig_cohort,ACC017997
GIGc95668,gig_cohort,ACC017998
GIGc95668,gig_cohort,ACC017999
GIGc95668,gig_cohort,ACC018000
GIGc95668,gig_cohort,ACC018001
GIGc95668,gig_cohort,ACC018002
GIGc95668,gig_cohort,ACC018003
GIG4f2341,gig_cohort,ACC018004
GIG4f2341,gig_cohort,ACC018005
GIG4f2341,gig_cohort,ACC018006
GIG4f2341,gig_cohort,ACC018007
GIG4f2341,gig_cohort,ACC018008
GIG4f2341,gig_cohort,ACC018009
GIG4f2341,gig_cohort,ACC018010
GIG4f2341,gig_cohort,ACC018011
GIG4f2341,gig_cohort,ACC018012
GIG4f2341,gig_cohort,ACC018013
GIG4f2341,gig_cohort,ACC018014
GIG4f2341,gig_cohort,ACC018015
GIG4f2341,gig_cohort,ACC018016
GIG4f2341,gig_cohort,ACC018017
GIG4f2341,gig_cohort,ACC018018
GIG4f2341,gig_cohort,ACC018019
GIG4f2341,gig_cohort,ACC018020
GIG4f2341,gig_cohort,ACC018021
GIG4f2341,gig_cohort,ACC018022
GIG4f2341,gig_cohort,ACC018023
GIG4f2341,gig_cohort,ACC018024
GIG4f2341,gig_cohort,ACC018025
GIGabf3e4,gig_cohort,ACC018026
GIGabf3e4,gig_cohort,ACC018027
GIGabf3e4,gig_cohort,ACC018028
GIGabf3e4,gig_cohort,ACC018029
GIGabf3e4,gig_cohort,ACC018030
GIGabf3e4,gig_cohort,ACC018031
GIGabf3e4,gig_cohort,ACC018032
GIGabf3e4,gig_cohort,ACC018033
GIGabf3e4,gig_cohort,ACC018034
GIGabf3e4,gig_cohort,ACC018035
GIGabf3e4,gig_cohort,ACC018036
GIGabf3e4,gig_cohort,ACC018037
GIGabf3e4,gig_cohort,ACC018038
GIGabf3e4,gig_cohort,ACC018039
GIGabf3e4,gig_cohort,ACC018040
GIGabf3e4,gig_cohort,ACC018041
GIGabf3e4,gig_cohort,ACC018042
GIGabf3e4,gig_cohort,ACC018043
GIGabf3e4,gig_cohort,ACC018044
GIGabf3e4,gig_cohort,ACC018045
GIGabf3e4,gig_cohort,ACC018046
GIGcd9ce7,gig_cohort,ACC018047
GIGcd9ce7,gig_cohort,ACC018048
GIGcd9ce7,gig_cohort,ACC018049
GIGcd9ce7,gig_cohort,ACC018050
GIGcd9ce7,gig_cohort,ACC018051
GIGcd9ce7,gig_cohort,ACC018052
GIGcd9ce7,gig_cohort,ACC018053
GIGcd9ce7,gig_cohort,ACC018054
GIGcd9ce7,gig_cohort,ACC018055
GIGcd9ce7,gig_cohort,ACC018056
GIGcd9ce7,gig_cohort,ACC018057
GIGcd9ce7,gig_cohort,ACC018058
GIGcd9ce7,gig_cohort,ACC018059
GIGcd9ce7,gig_cohort,ACC018060
GIGcd9ce7,gig_cohort,ACC018061
GIGcd9ce7,gig_cohort,ACC018062
GIGcd9ce7,gig_cohort,ACC018063
GIGcd9ce7,gig_cohort,ACC018064
GIGcd9ce7,gig_cohort,ACC018065
GIG348477,gig_cohort,ACC018066
GIG348477,gig_cohort,ACC018067
GIG348477,gig_cohort,ACC018068
GIG348477,gig_cohort,ACC018069
GIG348477,gig_cohort,ACC018070
GIG348477,gig_cohort,ACC018071
GIG348477,gig_cohort,ACC018072
GIG348477,gig_cohort,ACC018073
GIG348477,gig_cohort,ACC018074
GIG348477,gig_cohort,ACC018075
GIG348477,gig_cohort,ACC018076
GIG348477,gig_cohort,ACC018077
GIG348477,gig_cohort,ACC018078
GIG348477,gig_cohort,ACC018079
GIG348477,gig_cohort,ACC018080
GIG348477,gig_cohort,ACC018081
GIG348477,gig_cohort,ACC018082
GIG348477,gig_cohort,ACC018083
GIG348477,gig_cohort,ACC018084
GIG348477,gig_cohort,ACC018085
GIG348477,gig_cohort,ACC018086
GIGb758a3,gig_cohort,ACC018087
GIGb758a3,gig_cohort,ACC018088
GIGb758a3,gig_cohort,ACC018089
GIGb758a3,gig_cohort,ACC018090
GIGb758a3,gig_cohort,ACC018091
GIGb758a3,gig_cohort,ACC018092
GIGb758a3,gig_cohort,ACC018093
GIGb758a3,gig_cohort,ACC018094
GIGb758a3,gig_cohort,ACC018095
GIGb758a3,gig_cohort,ACC018096
GIGb758a3,gig_cohort,ACC018097
GIGb758a3,gig_cohort,ACC018098
GIGb758a3,gig_cohort,ACC018099
GIGb758a3,gig_cohort,ACC018100
GIGb758a3,gig_cohort,ACC018101
GIGb758a3,gig_cohort,ACC018102
